[
  {
    "root_verb": "جعل",
    "meaning": "ഉണ്ടാക്കി, ആക്കി",
    "past_tense": {
      "singular_masculine": { "arabic": "جَعَلَ", "malayalam": "അവൻ ഉണ്ടാക്കി" },
      "plural_masculine": { "arabic": "جَعَلُوا", "malayalam": "അവർ ഉണ്ടാക്കി" },
      "singular_feminine": { "arabic": "جَعَلَتْ", "malayalam": "അവൾ ഉണ്ടാക്കി" },
      "plural_feminine": { "arabic": "جَعَلْنَ", "malayalam": "അവർ (സ്ത്രീകൾ) ഉണ്ടാക്കി" }
    },
    "present_tense": {
      "singular_masculine": { "arabic": "يَجْعَلُ", "malayalam": "അവൻ ഉണ്ടാക്കുന്നു" },
      "plural_masculine": { "arabic": "يَجْعَلُونَ", "malayalam": "അവർ ഉണ്ടാക്കുന്നു" },
      "singular_feminine": { "arabic": "تَجْعَلُ", "malayalam": "അവൾ ഉണ്ടാക്കുന്നു" },
      "plural_feminine": { "arabic": "يَجْعَلْنَ", "malayalam": "അവർ (സ്ത്രീകൾ) ഉണ്ടാക്കുന്നു" }
    },
    "imperative": {
      "singular_masculine": { "arabic": "اِجْعَلْ", "malayalam": "നീ ഉണ്ടാക്കുക" },
      "plural_masculine": { "arabic": "اِجْعَلُوا", "malayalam": "നിങ്ങൾ ഉണ്ടാക്കുക" },
      "singular_feminine": { "arabic": "اِجْعَلِي", "malayalam": "നീ ഉണ്ടാക്കുക (സ്ത്രീ)" },
      "plural_feminine": { "arabic": "اِجْعَلْنَ", "malayalam": "നിങ്ങൾ ഉണ്ടാക്കുക (സ്ത്രീകൾ)" }
    }
  },
  {
    "root_verb": "فتح",
    "meaning": "തുറന്നു",
    "past_tense": {
      "singular_masculine": { "arabic": "فَتَحَ", "malayalam": "അവൻ തുറന്നു" },
      "plural_masculine": { "arabic": "فَتَحُوا", "malayalam": "അവർ തുറന്നു" },
      "singular_feminine": { "arabic": "فَتَحَتْ", "malayalam": "അവൾ തുറന്നു" },
      "plural_feminine": { "arabic": "فَتَحْنَ", "malayalam": "അവർ (സ്ത്രീകൾ) തുറന്നു" }
    },
    "present_tense": {
      "singular_masculine": { "arabic": "يَفْتَحُ", "malayalam": "അവൻ തുറക്കുന്നു" },
      "plural_masculine": { "arabic": "يَفْتَحُونَ", "malayalam": "അവർ തുറക്കുന്നു" },
      "singular_feminine": { "arabic": "تَفْتَحُ", "malayalam": "അവൾ തുറക്കുന്നു" },
      "plural_feminine": { "arabic": "يَفْتَحْنَ", "malayalam": "അവർ (സ്ത്രീകൾ) തുറക്കുന്നു" }
    },
    "imperative": {
      "singular_masculine": { "arabic": "اِفْتَحْ", "malayalam": "നീ തുറക്കുക" },
      "plural_masculine": { "arabic": "اِفْتَحُوا", "malayalam": "നിങ്ങൾ തുറക്കുക" },
      "singular_feminine": { "arabic": "اِفْتَحِي", "malayalam": "നീ തുറക്കുക (സ്ത്രീ)" },
      "plural_feminine": { "arabic": "اِفْتَحْنَ", "malayalam": "നിങ്ങൾ തുറക്കുക (സ്ത്രീകൾ)" }
    }
  },
  {
    "root_verb": "نفع",
    "meaning": "ഉപകാരം ചെയ്തു",
    "past_tense": {
      "singular_masculine": { "arabic": "نَفَعَ", "malayalam": "അവൻ ഉപകാരം ചെയ്തു" },
      "plural_masculine": { "arabic": "نَفَعُوا", "malayalam": "അവർ ഉപകാരം ചെയ്തു" },
      "singular_feminine": { "arabic": "نَفَعَتْ", "malayalam": "അവൾ ഉപകാരം ചെയ്തു" },
      "plural_feminine": { "arabic": "نَفَعْنَ", "malayalam": "അവർ (സ്ത്രീകൾ) ഉപകാരം ചെയ്തു" }
    },
    "present_tense": {
      "singular_masculine": { "arabic": "يَنْفَعُ", "malayalam": "അവൻ ഉപകാരം ചെയ്യുന്നു" },
      "plural_masculine": { "arabic": "يَنْفَعُونَ", "malayalam": "അവർ ഉപകാരം ചെയ്യുന്നു" },
      "singular_feminine": { "arabic": "تَنْفَعُ", "malayalam": "അവൾ ഉപകാരം ചെയ്യുന്നു" },
      "plural_feminine": { "arabic": "يَنْفَعْنَ", "malayalam": "അവർ (സ്ത്രീകൾ) ഉപകാരം ചെയ്യുന്നു" }
    },
    "imperative": {
      "singular_masculine": { "arabic": "اِنْفَعْ", "malayalam": "നീ ഉപകാരം ചെയ്യുക" },
      "plural_masculine": { "arabic": "اِنْفَعُوا", "malayalam": "നിങ്ങൾ ഉപകാരം ചെയ്യുക" },
      "singular_feminine": { "arabic": "اِنْفَعِي", "malayalam": "നീ ഉപകാരം ചെയ്യുക (സ്ത്രീ)" },
      "plural_feminine": { "arabic": "اِنْفَعْنَ", "malayalam": "നിങ്ങൾ ഉപകാരം ചെയ്യുക (സ്ത്രീകൾ)" }
    }
  },
  {
    "root_verb": "بعث",
    "meaning": "നിയോഗിച്ചു",
    "past_tense": {
      "singular_masculine": { "arabic": "بَعَثَ", "malayalam": "അവൻ നിയോഗിച്ചു" },
      "plural_masculine": { "arabic": "بَعَثُوا", "malayalam": "അവർ നിയോഗിച്ചു" },
      "singular_feminine": { "arabic": "بَعَثَتْ", "malayalam": "അവൾ നിയോഗിച്ചു" },
      "plural_feminine": { "arabic": "بَعَثْنَ", "malayalam": "അവർ (സ്ത്രീകൾ) നിയോഗിച്ചു" }
    },
    "present_tense": {
      "singular_masculine": { "arabic": "يَبْعَثُ", "malayalam": "അവൻ നിയോഗിക്കുന്നു" },
      "plural_masculine": { "arabic": "يَبْعَثُونَ", "malayalam": "അവർ നിയോഗിക്കുന്നു" },
      "singular_feminine": { "arabic": "تَبْعَثُ", "malayalam": "അവൾ നിയോഗിക്കുന്നു" },
      "plural_feminine": { "arabic": "يَبْعَثْنَ", "malayalam": "അവർ (സ്ത്രീകൾ) നിയോഗിക്കുന്നു" }
    },
    "imperative": {
      "singular_masculine": { "arabic": "اِبْعَثْ", "malayalam": "നീ നിയോഗിക്കുക" },
      "plural_masculine": { "arabic": "اِبْعَثُوا", "malayalam": "നിങ്ങൾ നിയോഗിക്കുക" },
      "singular_feminine": { "arabic": "اِبْعَثِي", "malayalam": "നീ നിയോഗിക്കുക (സ്ത്രീ)" },
      "plural_feminine": { "arabic": "اِبْعَثْنَ", "malayalam": "നിങ്ങൾ നിയോഗിക്കുക (സ്ത്രീകൾ)" }
    }
  }
]
